{
	"SolutionMetadata":
	{
		"ConfigurationForOnlineUpdate":"true",
		"JSonVersion":"1.0",
		"JsonUpdateDate":"11/03/2024",
		"Description":"Configuration File for Updater script",
		"VersionInformation":{
			"1.0":{
				"Tracking":["Inital Version"],
				"MigrationMessageFromLastVersion":"N/A"
			}
		}
	},
	"Global":{
        "ServerConfiguration":{
			"LocalTargetPath":"#DEFAULT#"
		},
		"AutomationConfiguration":{
			"SubscriptionId":"e15121b8-fc25-4ec2-8d21-44532bfd219a",
			"ResourceGroup" : "ExchangeSecurity-Test",
			"AutomationAccountName" : "ESI-DataCollectorTest",
			"RunbookName" : "Start-ESICollector"
		},
		"BackupActivated":"True",
		"BackupConfiguration":[
			{
				"BackupType":"Local",
				"LocalPath":"#DEFAULT#",
				"Active":"True",
				"RetentionPeriod":"30"
			},
			{
				"BackupType":"AzureBlob",
				"ResourceGroup":"ExchangeSecurity-Test",
				"StorageAccountName":"esicollectorbackup",
				"StorageContainerName":"esicollectorbackup",
				"Active":"True",
				"RetentionPeriod":"30"
			}
		]
    },
	"UpdateTypeConfiguration":
	{
		"UpdateType" : {
			"UpdateTypeValue" : "Full",
			"UpdateTypePossibleValues": "Full|ScriptOnly|ConfigOnly|AddOnsOnly|Partial",
			"UpdateTypeDescription": "Full: Update all the files, ScriptOnly: Update only the scripts, ConfigOnly: Update only the configuration files, AddOnsOnly: Update only the AddOns, Partial: Update only the specified type, See below",
			"UpdateTypePartial" : {
				"PartialUpdateTypeValue" : ["AddOns"],
				"PartialUpdateTypePossibleValues": "Script|AddOns|Config|CompareConfig",
				"PartialUpdateTypeDescription": "Add types in the Table. CompareConfig will compare the configuration files without writing the difference. Script will update the script files. AddOns will update the AddOns. Config will update the configuration files."
			}
		},
		"UpdateSourceType" : {
			"UpdateSourceValue" : "Internet",
			"UpdateSourceTypePossibleValues": "Local|Internet",
			"UpdateSourceTypeDescription": "Local: Update from local source, Internet: Update from internet",
			"UpdateSourceTypeLocalPath" : "#SourceWithFilesForLocalUpdate#"
		},
		"UpdateTargetType" : {
			"UpdateTargetValue" : "Replace",
			"UpdateTargetTypePossibleValues": "Replace|Download",
			"UpdateTargetTypeDescription": "Replace: Replace the existing files, Download: Download the files to a new location, not compatible with Local SourceType.",
			"UpdateTargetTypeLocalPath" : "#TargetToStoreDownloadedFiles#"
		}
	},
	"Advanced":{
		"Beta":"false",
		"Useproxy" : "false",
	    "ProxyUrl" : "http://proxy.dom.net:8080",
		"ForceUpdateResetFiles" : "false",
		"IgnoreFiles":[]
	}
}
