{
    "SolutionMetadata":
	{
		"JSonVersion":"2.5",
		"JsonUpdateDate":"19/02/2024",
		"Description":"Configuration File for CollectExchSecIns script",
		"VersionInformation":{
			"2.5":{
				"Tracking":["Adding Multiple parameters: ",
							"- DeactivateUDSLogs to deactivate the log summary",
							"- LogVerboseActivated, by default true. If set to false, the log will be less verbose",
							"- UDSLogProcessor, to manage the log storage. The first entry is the default one, the second is the file storage and the third is the Azure Storage Account. The first activated entry is the default one. If no entry is activated, the default one will be used. If the default one is not activated, the first activated entry will be used. If the default one is activated, the first activated entry will be used. If the default one is not activated and no entry is activated, the default one will be used. If the default one is activated and no entry is activated, the default one will be used. If the default one is activated and an entry is activated, the default one will be used. If the default one is not activated and an entry is activated, the first activated entry will be used. If the default one is activated and an entry is activated, the default one will be used. If the default one is not activated and an entry is activated, the first activated entry will be used. If the default one is activated and an entry is activated, the default one will be used. If the default one is not activated and an entry is activated, the first activated entry will be used. If the default one is activated and an entry is activated, the default one will be used. If the default one is not activated and an entry is activated, the first activated entry will be used. If the default one is activated and an entry is activated, the default one will be used. If the default one is not activated and an entry is activated, the first activated entry will be used. If the default one is activated and an entry is activated, the default one will be used. If the default one is not activated and an entry is activated, the first activated entry will be used. If the default one is activated and an entry is activated, the default one will be used. If the default one is not activated and an entry is activated, the first activated entry will be used. If the default one is activated and an entry is activated, the default one will be used. If the default one is not activated and an entry is activated, the first activated entry will be used. If the default one is activated and an entry is activated, the default one will be used. If the default one is not activated and an entry is activated, the first activated entry will be used. If the default one is activated and an entry is activated, the default one will be used.",
							"- UpdateVersionCheckingDeactivated, to deactivate the version checking"],
				"MigrationMessageFromLastVersion":[
					"Adding the parameters in Advanced part :",
					" - DeactivateUDSLogs: false",
					" - LogVerboseActivated: true",
					" - UDSLogProcessor is a table of possibilities. Only 1 is mandatory but you can add multiple. Possibilities :",
					"      Output, default one :",
					"           {Activated:true/false, StorageType:Output}",
					"      File :",
					"           {Activated:true/false, StorageType:File, StoragePath:C:\\ExchSecIns\\data\\Logs, Prefix:ExchSecInsUDSLog, LogStorageRetentionDays: 30}",
					"      AzureStorageAccount :",
					"           With Managed Identity : {Activated:true/false, StorageType:AzureStorageAccount, StorageAccountName:exchsecinslogs, StorageBlobContainer:exchsecinslogs, ConnexionType:ManagedIdentity, Prefix:ExchSecInsUDSLog, TenantId:TENANTIDGUID}",
					"           With Certificate Auth : {Activated:true/false, StorageType:AzureStorageAccount, StorageAccountName:exchsecinslogs, StorageBlobContainer:exchsecinslogs, ConnexionType:Certificate, Prefix:ExchSecInsUDSLog, TenantId:TENANTIDGUID, ApplicationID:EntraIDApplicationGUID, CertificateThumbprint:CertificateThumbprint}",
					" - UpdateVersionCheckingDeactivated: false"
				]
			},
			"2.4":{
				"Tracking":["Adding Parameter for Pagination Error Threshold"],
				"MigrationMessageFromLastVersion":"Adding the Pagination Error Threshold information in Advanced part : 'PaginationErrorThreshold: 5' tag."
			},
			"2.3":{
				"Tracking":["Adding Parameter for Max Packet size for Sentinel"],
				"MigrationMessageFromLastVersion":"Adding the Max Size information in Advanced part : 'MaximalSentinelPacketSizeMb' tag."
			},
			"2.2":{
				"Tracking":["Adding Proxy Information"],
				"MigrationMessageFromLastVersion":"Adding the Proxy information in Advanced part : 'Useproxy' tag and 'ProxyUrl' tag."
			},
			"2.1":{
				"Tracking":["Adding Beta feature"],
				"MigrationMessageFromLastVersion":"Adding the Beta information in Advanced part."
			},
			"2.0":{
				"Tracking":["Adding Instance information, Add-on config files and Internet configuration"],
				"MigrationMessageFromLastVersion":"Compare old file with new file as a lot of things changes. Especially the AuditFunctions part that is exported to external Add-Ons files."
			},
			"1.3":{
				"Tracking":["Adding feature to export Domain information in Sentinel Table"],
				"MigrationMessageFromLastVersion":"Adding entry 'ExportDomainsInformation' in Output"
			},
			"1.2":{
				"Tracking":["Correcting PartConfPerm in AuditFunctions : Correct Expression to avoid null error."],
				"MigrationMessageFromLastVersion":"Replace all the section 'AuditFunctions' with the new one"
			},
			"1.1":{
				"Tracking":["Correcting multiple entries in AuditFunctions : ExchangeServers, ETS, EWP, LocalAdmins,POPIMAPServicesStatus,ExchVersion"],
				"MigrationMessageFromLastVersion":"Replace all the section 'AuditFunctions' with the new one"
			}
		}
	},
	"Global":{
        "ParallelTimeoutMinutes":5,
        "MaxParallelRunningJobs":8,
        "GlobalParallelProcessing":"true",
        "PerServerParallelProcessing":"true",
        "DefaultDurationTracking":30,
		"ESIProcessingType":"Online",
		"EnvironmentIdentification":"MyOwnEnvironment"
    },
    "Output":{
        "DefaultOutputFile":"C:\\ExchSecIns\\data\\ExchSecIns.csv",
		"ExportDomainsInformation":"True"
    },
	"Advanced":{
		"ParralelWaitRunning":10,
		"ParralelPingWaitRunning":10,
		"OnlyExplicitActivation":"false",
		"ExchangeServerBinPath":"c:\\Program Files\\Microsoft\\Exchange Server\\V15\\bin",
		"BypassServerAvailabilityTest": "false",
		"ExplicitExchangeServerList": [],
		"FunctionsListInline":"false",
		"FunctionsListWithoutInternet":"false",
		"Beta":"false",
		"Useproxy" : "false",
	    "ProxyUrl" : "http://proxy.dom.net:8080",
		"MaximalSentinelPacketSizeMb": 32,
		"PaginationErrorThreshold": 5,
		"UpdateVersionCheckingDeactivated":"false",
		"DeactivateUDSLogs":"false",
		"LogVerboseActivated":"true",
		"UDSLogProcessor":[
			{
				"Activated":"true",
				"StorageType":"Output"
			},
			{
				"Activated":"false",
				"StorageType":"File",
				"StoragePath":"C:\\ExchSecIns\\data\\Logs",
				"Prefix":"ExchSecInsUDSLog",
				"LogStorageRetentionDays": 30
			},
			{
				"Activated":"false",
				"StorageType":"AzureStorageAccount",
				"StorageAccountName":"exchsecinslogs",
				"StorageBlobContainer":"exchsecinslogs",
				"ConnexionType":"ManagedIdentity",
				"Prefix":"ExchSecInsUDSLog",
				"TenantId":"e15121b8-fc25-4ec2-8d21-44532bfd219a",
				"ApplicationID":"e15121b8-fc25-4ec2-8d21-44532bfd219a",
				"CertificateThumbprint":"e15121b8-fc25-4ec2-8d21-44532bfd219a"
			}
		]
	},
	"LogCollection":{
		"ActivateLogUpdloadToSentinel":"true",
		"WorkspaceId":"e15121b8-fc25-4ec2-8d21-44532bfd219a",
		"WorkspaceKey":"WKey",
		"LogTypeName":"ESIExchangeConfig",
		"TogetherMode":"false"
	},
	"MGGraphAPIConnection":{
		"MGGraphAzureRMCertificate":"",
		"MGGraphAzureRMAppId":""
	},
	"InstanceConfiguration":{
		"Default":{
			"All":"true",
			"Capabilities":"OP|OL|MGGRAPH|ADINFOS"
		},
		"IIS-IoCs":{
			"All":"true",
			"Category":"IIS-IoCs",
			"Capabilities":"IIS",
			"OutputName":"ESIIISIoCs"
		},
		"ExchangeOnlineMessageTracking":{
			"All":"true",
			"Category":"OnlineMessageTracking",
			"Capabilities":"OL",
			"OutputName":"ExchangeOnlineMessageTracking"
		},
		"InstanceExample":
		{
			"SelectedAddons":["Filename1", "Filename2"],
			"FileteredAddons":["Filename1", "Filename2"]
		}
	},
	"AuditFunctionsFiles":[
		{
			"Filename":"FiletoIgnore",
			"Deactivated":"false"
		}
	],
	"AuditFunctionProtectedArea":
	{
		"ContentCheckSum":""
	},
	"AuditFunctions":[]
}