{
    "SolutionMetadata":
	{
		"JSonVersion":"1.0",
		"JsonUpdateDate":"27/09/2022",
		"Description":"Online Message Tracking Auditing to Microsoft Sentinel",
		"VersionInformation":{
			"1.0":{
				"Tracking":["First version of the file"],
				"MigrationMessageFromLastVersion":"N/A"
			}
		}
	},
	"AuditFunctionProtectedArea":
	{
		"ContentCheckSum":"A584328753324B506B8B93F6958DBEDF5B89ABA9E141F5F1D2BA5BFEF0A8B466"
	},
    "AuditFunctions":[
		{
			"Section":"OnlineMessageTracking",
			"Cmdlet":"Get-MessageTrace -ErrorAction Stop -StartDate \"#LastDateOfSection#\" -EndDate \"#ScriptLaunchedDate#\"",
			"PropertySelection":["*"],
			"CustomExpressionForSelection":[],
			"ProcessPerServer":"false",
			"ProcessingCategory":"All",
			"PaginationInformation":{
				"PaginationActivated":"true",
				"PageSize":5000,
				"MaxPage":2000,
				"PartialDataUpload":"true",
				"StorePagesInMemory":"true"
			},
			"DateStorageInformation":{
				"DateStorageActivated":"true",
				"DateAttribute":"date",
				"DateStorageMode":"LastDate",
				"DateReset":"false",
				"ResetType": "Current-AddDays[-10]",
				"DateStorageFormat": "yyyy-MM-dd HH:mm:ss K"
			}
		},
		{
			"Section":"OnlineDetailedMessageTracking",
			"Cmdlet":"$MailList = Get-MessageTrace -ErrorAction Stop -StartDate \"#LastDateOfSection#\" -EndDate \"#ScriptLaunchedDate#\" #Pagination# ; foreach ($mail in $MailList){Get-MessageTraceDetail -MessageTraceId $mail.MessageTraceId -MessageId $mail.MessageId -RecipientAddress $mail.RecipientAddress }",
			"PropertySelection":["*"],
			"CustomExpressionForSelection":[],
			"ProcessPerServer":"false",
			"ProcessingCategory":"All",
			"PaginationInformation":{
				"PaginationActivated":"true",
				"PageSize":5000,
				"MaxPage":2000,
				"PartialDataUpload":"true",
				"StorePagesInMemory":"true"
			},
			"DateStorageInformation":{
				"DateStorageActivated":"true",
				"DateAttribute":"date",
				"DateStorageMode":"LastDate",
				"DateReset":"false",
				"ResetType": "Current-AddDays[-10]",
				"DateStorageFormat": "yyyy-MM-dd HH:mm:ss K"
			}
		}
    ]
}
