{
    "UpdatedDate":  {
                        "value":  "\/Date(1669640292789)\/",
                        "DisplayHint":  2,
                        "DateTime":  "Monday, November 28, 2022 1:58:12 PM"
                    },
    "Files":  [
                  {
                      "FileName":  "ESICollector-ExchangeGlobalConfiguration.json",
                      "FileCheckSum":  "25084A353388DCC774AE362EF5C53999E796E1CB94235A138FB41D623A259CA6",
                      "ContentCheckSum":  "8C7746FB8488D4AE99B3B0D6CB0751526F1A98F6EF4CACFEF62A2F6E6A95E60E"
                  },
                  {
                      "FileName":  "ESICollector-RoleAndGroupConfiguration.json",
                      "FileCheckSum":  "F141AE748B911D25FBE030B52A273D5A25F5C214AA5B3E7FD3B75ED7097AA7E3",
                      "ContentCheckSum":  "90C9A025834A7DF4529C855A3D68E3777B98033F84280B0F9B1F002F0AD77704"
                  },
                  {
                      "FileName":  "ESICollector-TransportConfiguration.json",
                      "FileCheckSum":  "764A53010B769BF13A51B1FB74528C8D7DA979B86C8FAF1F8A0FBAE5830052B8",
                      "ContentCheckSum":  "57E4827098C5900E831117375B8E7188C2E82752C49FD79EDB09A3D9D0762F1B"
                  },
                  {
                      "FileName":  "ESICollector-ManagementRoles.json",
                      "FileCheckSum":  "1247B879B590848347DFAC977E39658B29EF55EA8273DFC19225DE619164B0C6",
                      "ContentCheckSum":  "F106802676C360A173CE94398D1DC4A712CC0E222D22FA7530C05D6B059145A6"
                  },
                  {
                      "FileName":  "ESICollector-POPIMAPConfiguration.json",
                      "FileCheckSum":  "35964E58F15FA0A00871C2D8D05F3522E3D7964E26998B0F6C3560F0046422CC",
                      "ContentCheckSum":  "42834A15ABD349EF76A253600DCBF1814B19F6D3D52C21EEC364DBA70D04675E"
                  },
                  {
                      "FileName":  "ESICollector-VIPAudit.json",
                      "FileCheckSum":  "743B77320F3D19D52860ACBD7F552629477DF97E817D548C884A4A201442F1A6",
                      "ContentCheckSum":  "2CF717CBCF5372A2B095C9E20D5F46F5AD0E66C8673FB61FFD463AD0BBD35A61"
                  },
                  {
                      "FileName":  "ESICollector-DAGMailboxDatabaseConfiguration.json",
                      "FileCheckSum":  "C2FDE5B3CA0CC17D94EC7B672C8B9DBF73AE803A1B5881126759D5A8AA7874B1",
                      "ContentCheckSum":  "2B0E663B4545873F3D084A0BA86178CF0701D815B7526736F5AB6D184AE7498A"
                  }
              ]
}
