{
    "UpdatedDate":  {
                        "value":  "\/Date(1667463886278)\/",
                        "DisplayHint":  2,
                        "DateTime":  "Thursday, November 3, 2022 9:24:46 AM"
                    },
    "Files":  [
                  {
                      "FileName":  "ESICollector-DAGMailboxDatabaseConfiguration.json",
                      "FileCheckSum":  "C2FDE5B3CA0CC17D94EC7B672C8B9DBF73AE803A1B5881126759D5A8AA7874B1",
                      "ContentCheckSum":  "2B0E663B4545873F3D084A0BA86178CF0701D815B7526736F5AB6D184AE7498A"
                  },
                  {
                      "FileName":  "ESICollector-RoleAndGroupConfiguration.json",
                      "FileCheckSum":  "F141AE748B911D25FBE030B52A273D5A25F5C214AA5B3E7FD3B75ED7097AA7E3",
                      "ContentCheckSum":  "90C9A025834A7DF4529C855A3D68E3777B98033F84280B0F9B1F002F0AD77704"
                  },
                  {
                      "FileName":  "ESICollector-TransportConfiguration.json",
                      "FileCheckSum":  "764A53010B769BF13A51B1FB74528C8D7DA979B86C8FAF1F8A0FBAE5830052B8",
                      "ContentCheckSum":  "57E4827098C5900E831117375B8E7188C2E82752C49FD79EDB09A3D9D0762F1B"
                  },
                  {
                      "FileName":  "ESICollector-ExchangeGlobalConfiguration.json",
                      "FileCheckSum":  "25084A353388DCC774AE362EF5C53999E796E1CB94235A138FB41D623A259CA6",
                      "ContentCheckSum":  "8C7746FB8488D4AE99B3B0D6CB0751526F1A98F6EF4CACFEF62A2F6E6A95E60E"
                  },
                  {
                      "FileName":  "ESICollector-ManagementRoles.json",
                      "FileCheckSum":  "E10BA0A22BFC1ECC871FFC7EC7CD1DC31EAC8431BF4C2D8051ADEB1351E97D9F",
                      "ContentCheckSum":  "9291E3ACFC3498DCD0A363FFD53CAA69B3B3A1680983448B1F115E31CE1FFB43"
                  },
                  {
                      "FileName":  "ESICollector-POPIMAPConfiguration.json",
                      "FileCheckSum":  "35964E58F15FA0A00871C2D8D05F3522E3D7964E26998B0F6C3560F0046422CC",
                      "ContentCheckSum":  "42834A15ABD349EF76A253600DCBF1814B19F6D3D52C21EEC364DBA70D04675E"
                  },
                  {
                      "FileName":  "ESICollector-VIPAudit.json",
                      "FileCheckSum":  "743B77320F3D19D52860ACBD7F552629477DF97E817D548C884A4A201442F1A6",
                      "ContentCheckSum":  "2CF717CBCF5372A2B095C9E20D5F46F5AD0E66C8673FB61FFD463AD0BBD35A61"
                  }
              ]
}
