{
    "SolutionMetadata":
	{
		"JSonVersion":"1.3",
		"JsonUpdateDate":"23/02/2024",
		"Description":"All Audit Functions around Management Roles",
		"VersionInformation":{
			"1.3":{
				"Tracking":["Changing Properties of 'MRACustomDetails'."],
				"MigrationMessageFromLastVersion":"Replacing MRACustomDetails Properties"
			},
			"1.2":{
				"Tracking":["Changing Properties of 'MRA'. Changing to *"],
				"MigrationMessageFromLastVersion":"Replacing MRA Properties to *"
			},
			"1.1":{
				"Tracking":["Changing Properties of 'MRCustom'. Changing how to retrieve MRCustomDetails"],
				"MigrationMessageFromLastVersion":"Replacing MRCustom and MRCustomDetails segments"
			},
			"1.0":{
				"Tracking":["First version of the file"],
				"MigrationMessageFromLastVersion":"N/A"
			}
		}
	},
	"AuditFunctionProtectedArea":
	{
		"ContentCheckSum":"7F953A2C3B0B1775F045DAD89F1EC29FA5C3DD9F35BAAAE3CAD97663B3BE997A"
	},
    "AuditFunctions":[
        {
			"Section":"MRA",
			"Cmdlet":"Get-ManagementRoleAssignment",
			"PropertySelection":["*"],
			"ProcessPerServer":"false",
			"Deactivated":"false",
			"ExplicitActivation":"false",
			"ProcessingCategory":"All"
		},
		{
			"Section":"MRCustom",
			"Cmdlet":"Get-ManagementRole | ? { $_.IsRootRole -eq $false -and $_.IsEndUserRole -eq $false }",
			"PropertySelection":["Name","RoleType","IsRootRole","IsEndUserRole","Parent","ImplicitRecipientReadScope","ImplicitRecipientWriteScope","ImplicitConfigReadScope","ImplicitConfigWriteScope","WhenCreated","WhenChanged", "propertyDescription"],
			"ProcessPerServer":"false",
			"ProcessingCategory":"All"
		},
		{
			"Section":"MRCustomDetails",
			"Cmdlet":"$result=@();$AllCustomMR=Get-ManagementRole | ? { $_.IsRootRole -eq $false -and $_.IsEndUserRole -eq $false };foreach ($CustomMR in $AllCustomMR) {$ParentRole = $CustomMR.Parent ; $result += Get-ManagementRoleEntry $CustomMR\\* | select Role,Name,Type,WhenCreated,WhenChanged,@{Name=\"Parameters\";Expression={[string]::join(\";\",($_.Parameters))}}, @{Name=\"ParentRole\";Expression={$ParentRole}} };$result",
			"PropertySelection":["Role","Name","Type","WhenCreated","WhenChanged","Parameters"],
			"CustomExpressionForSelection":[
				{"Name":"ParametersString", "Expression":"$_.Parameters -join ','"}
			],
			"ProcessPerServer":"false",
			"ProcessingCategory":"All"
		},
		{
			"Section":"MRScope",
			"Cmdlet":"Get-Managementscope",
			"PropertySelection":["Name","RecipientRoot","RecipientFilter","ServerFilter","DatabaseFilter","ScopeRestrictionType","Exclusive","WhenCreated","WhenChanged"],
			"ProcessPerServer":"false",
			"ProcessingCategory":"All"
		}
    ]
}
