{
    "UpdatedDate":  {
                        "value":  "\/Date(1708692562683)\/",
                        "DisplayHint":  2,
                        "DateTime":  "vendredi 23 f�vrier 2024 13:49:22"
                    },
    "Files":  [
                  {
                      "FileName":  "ESICollector-MailboxInformation.json",
                      "FileCheckSum":  "CF3D34A0C419E4A78AEAAB053FC5AEC746E59F6CF29FC928B0D69F5B2C3646BC",
                      "ContentCheckSum":  "9C00B6393FFD6D704F11D4007DB531A45EC6CD68259A0591F4DA41BE76471CBE"
                  },
                  {
                      "FileName":  "ESICollector-RoleAndGroupConfiguration.json",
                      "FileCheckSum":  "6954F692172367521FB85008C959793627F5190565570563901AB9CA77AAE6AF",
                      "ContentCheckSum":  "1E5B0829DB06EC79E49127FA0FA7E42725FE2504F42D0A14620F9B3555E7F179"
                  },
                  {
                      "FileName":  "ESICollector-TransportConfiguration.json",
                      "FileCheckSum":  "18E5A533C12C85754F486AEF5179F45EC9D31327B5DBF29F037017CA1E096DD2",
                      "ContentCheckSum":  "06847865904D680E4D6675B4CF0268931C0C651F64EEFB50048635AB8083A14A"
                  },
                  {
                      "FileName":  "ESICollector-ExchangeGlobalConfiguration.json",
                      "FileCheckSum":  "25084A353388DCC774AE362EF5C53999E796E1CB94235A138FB41D623A259CA6",
                      "ContentCheckSum":  "8C7746FB8488D4AE99B3B0D6CB0751526F1A98F6EF4CACFEF62A2F6E6A95E60E"
                  },
                  {
                      "FileName":  "ESICollector-ManagementRoles.json",
                      "FileCheckSum":  "BD94AFDAA2331A547CA6E7F575BC4B6022F9FDCA1A06F9CEC9E42F8CCFE75E64",
                      "ContentCheckSum":  "7F953A2C3B0B1775F045DAD89F1EC29FA5C3DD9F35BAAAE3CAD97663B3BE997A"
                  },
                  {
                      "FileName":  "ESICollector-POPIMAPConfiguration.json",
                      "FileCheckSum":  "35964E58F15FA0A00871C2D8D05F3522E3D7964E26998B0F6C3560F0046422CC",
                      "ContentCheckSum":  "42834A15ABD349EF76A253600DCBF1814B19F6D3D52C21EEC364DBA70D04675E"
                  },
                  {
                      "FileName":  "ESICollector-VIPAudit.json",
                      "FileCheckSum":  "4BDF6A4DC17CA0DBF41F70966A353F1C6D313144572340C650A96C6830687A48",
                      "ContentCheckSum":  "042F7C5A2AD5631B3403B3222E274A1C3D76928A3B997F2BD4CCA11AB7EFD09B"
                  },
                  {
                      "FileName":  "ESICollector-DAGMailboxDatabaseConfiguration.json",
                      "FileCheckSum":  "C2FDE5B3CA0CC17D94EC7B672C8B9DBF73AE803A1B5881126759D5A8AA7874B1",
                      "ContentCheckSum":  "2B0E663B4545873F3D084A0BA86178CF0701D815B7526736F5AB6D184AE7498A"
                  }
              ]
}
