{
    "UpdatedDate":  {
                        "value":  "\/Date(1708884835156)\/",
                        "DisplayHint":  2,
                        "DateTime":  "dimanche 25 f�vrier 2024 19:13:55"
                    },
    "Files":  [
                  {
                      "FileName":  "ESICollector-MailboxInformation.json",
                      "FileCheckSum":  "CF3D34A0C419E4A78AEAAB053FC5AEC746E59F6CF29FC928B0D69F5B2C3646BC",
                      "ContentCheckSum":  "9C00B6393FFD6D704F11D4007DB531A45EC6CD68259A0591F4DA41BE76471CBE"
                  },
                  {
                      "FileName":  "ESICollector-RoleAndGroupConfiguration.json",
                      "FileCheckSum":  "6954F692172367521FB85008C959793627F5190565570563901AB9CA77AAE6AF",
                      "ContentCheckSum":  "1E5B0829DB06EC79E49127FA0FA7E42725FE2504F42D0A14620F9B3555E7F179"
                  },
                  {
                      "FileName":  "ESICollector-TransportConfiguration.json",
                      "FileCheckSum":  "51FF5377E144CDBD781D7035668EE44FF16AADB304DF1F76587FCCB9D7058683",
                      "ContentCheckSum":  "74851CC1347273FFF9D3621537E499CCA06D92E58FE8F46DE2205C4738104D93"
                  },
                  {
                      "FileName":  "ESICollector-ExchangeGlobalConfiguration.json",
                      "FileCheckSum":  "25084A353388DCC774AE362EF5C53999E796E1CB94235A138FB41D623A259CA6",
                      "ContentCheckSum":  "8C7746FB8488D4AE99B3B0D6CB0751526F1A98F6EF4CACFEF62A2F6E6A95E60E"
                  },
                  {
                      "FileName":  "ESICollector-ManagementRoles.json",
                      "FileCheckSum":  "C1A0CF84F08F1FB9C3FBFAB025768E4652BCE79A9A9AFCAC551A837373A8FF58",
                      "ContentCheckSum":  "C3ED88BB66E0E45B25A1E6D8333C5AC84149921C5F736F9C577889468293729D"
                  },
                  {
                      "FileName":  "ESICollector-POPIMAPConfiguration.json",
                      "FileCheckSum":  "35964E58F15FA0A00871C2D8D05F3522E3D7964E26998B0F6C3560F0046422CC",
                      "ContentCheckSum":  "42834A15ABD349EF76A253600DCBF1814B19F6D3D52C21EEC364DBA70D04675E"
                  },
                  {
                      "FileName":  "ESICollector-VIPAudit.json",
                      "FileCheckSum":  "4BDF6A4DC17CA0DBF41F70966A353F1C6D313144572340C650A96C6830687A48",
                      "ContentCheckSum":  "042F7C5A2AD5631B3403B3222E274A1C3D76928A3B997F2BD4CCA11AB7EFD09B"
                  },
                  {
                      "FileName":  "ESICollector-DAGMailboxDatabaseConfiguration.json",
                      "FileCheckSum":  "C2FDE5B3CA0CC17D94EC7B672C8B9DBF73AE803A1B5881126759D5A8AA7874B1",
                      "ContentCheckSum":  "2B0E663B4545873F3D084A0BA86178CF0701D815B7526736F5AB6D184AE7498A"
                  }
              ]
}
