{
    "SolutionMetadata":
	{
		"JSonVersion":"1.0",
		"JsonUpdateDate":"27/09/2022",
		"Description":"All Audit Functions around Transport configuration",
		"VersionInformation":{
			"1.0":{
				"Tracking":["First version of the file"],
				"MigrationMessageFromLastVersion":"N/A"
			}
		}
	},
	"AuditFunctionProtectedArea":
	{
		"ContentCheckSum":"ED33FD0D28D7E1A4E356045321B373A19B89DD341292D1EF2977F8B48F4ED1F2"
	},
    "AuditFunctions":[
        {
			"Section":"ReceiveConnector",
			"Cmdlet":"Get-ReceiveConnector",
			"PropertySelection":["Server","Name","TransportRole","Enabled","PermissionGroups","AuthMechanism","Bindings","RemoteIPRanges","MaxMessageSize","MaxRecipientsPerMessage","RequireTLS","domainsecureenabled","TlsCertificateName","TarpitInterval","MaxAcknowledgementDelay","ProtocolLoggingLevel","FQDN","Banner","DefaultDomain","MessageRateLimit","MessageRateSource","MaxInboundConnection","MaxInboundConnectionPerSource","MaxInboundConnectionPercentagePerSource","MaxHeaderSize","MaxHopCount","MaxLocalHopCount","MaxLogonFailures","MaxProtocolErrors","RequireEHLODomain","RejectReservedTopLevelRecipientDomains","SizeEnabled","WhenCreated","WhenChanged"],
			"CustomExpressionForSelection":[
				{"Name":"PermissionGroupsString","Expression":"$_.PermissionGroups.ToString()"},
				{"Name":"AuthMechanismString","Expression":"$_.AuthMechanism.ToString()"}
			],
			"ProcessPerServer":"false",
			"ProcessingCategory":"On-Premises"
		},
		{
			"Section":"RCAnonymous",
			"Cmdlet":"Get-ReceiveConnector  | Get-ADPermission | ? {$_.ExtendedRights -like \"ms-Exch-SMTP-Accept-Any-Recipient\" -and $_.User -like \"*NT AUTHORITY\\ANONYMOUS LOGON*\"}",
			"PropertySelection":["Identity","User","Deny","ISInherited"],
			"CustomExpressionForSelection":[
				{"Name":"UserString","Expression":"$_.User.ToString()"}
			],
			"ProcessPerServer":"false",
			"ProcessingCategory":"On-Premises"
		},
		{
			"Section":"TransportRule",
			"Cmdlet":"Get-TransportRule",
			"PropertySelection":["Identity","SentTo","BlindCopyTo","CopyTo","RedirectMessageTo","State","Mode","Priority","WhenChanged"],
			"CustomExpressionForSelection":[
				{"Name":"SentToString", "Expression":"$_.SentTo.ToString()"},
				{"Name":"BlindCopyToString","Expression":"$_.BlindCopyTo.ToString()"},
				{"Name":"CopyToString","Expression":"$_.CopyTo.ToString()"},
				{"Name":"RedirectMessageToString","Expression":"$_.RedirectMessageTo.ToString()"}
			],
			"ProcessPerServer":"false",
			"ProcessingCategory":"On-Premises"
		},
		{
			"Section":"TransportRule",
			"Cmdlet":"Get-TransportRule",
			"PropertySelection":["Identity","SentTo","BlindCopyTo","CopyTo","RedirectMessageTo","State","Mode","Priority","WhenChanged"],
			"CustomExpressionForSelection":[
				{"Name":"SentToString", "Expression":"$_.SentTo.ToString()"},
				{"Name":"BlindCopyToString","Expression":"$_.BlindCopyTo.ToString()"},
				{"Name":"CopyToString","Expression":"$_.CopyTo.ToString()"},
				{"Name":"RedirectMessageToString","Expression":"$_.RedirectMessageTo.ToString()"}
			],
			"ProcessPerServer":"false",
			"ProcessingCategory":"Online"
		},
		{
			"Section":"JournalRule",
			"Cmdlet":"Get-JournalRule",
			"PropertySelection":["Name","JournalEmailAddress","Scope","Recipient","Enabled"],
			"ProcessPerServer":"false",
			"ProcessingCategory":"All"
		},
		{
			"Section":"TransportConfig",
			"Cmdlet":"Get-TransportConfig",
			"PropertySelection":["ShadowRedundancyEnabled","SafetyNetHoldTime","ShadowHeartbeatFrequency","ShadowMessageAutoDiscardInterval","ShadowMessagePreferenceSetting","ShadowResubmitTimeSpan","RejectMessageOnShadowFailure","ExternalDsnMaxMessageAttachSize","InternalDsnMaxMessageAttachSize","HygieneSuite","MaxRecipientEnvelopeLimit","MaxSendSize","MaxReceiveSize","TLSReceiveDomainSecureList","TLSSendDomainSecureList","AddressBookPolicyRoutingEnabled","WhenCreated","WhenChanged"],
			"ProcessPerServer":"false",
			"ProcessingCategory":"On-Premises"
		},
		{
			"Section":"SendConnector",
			"Cmdlet":"Get-Sendconnector",
			"PropertySelection":["Name","Enabled","MaxMessageSize","AddressSpaces","ConnectedDomains","DNSRoutingEnabled","IsScopedConnector","IsSmtpConnector","Port","SmartHosts","SmartHostAuthMechanism","SourceIPAddress","SourceRoutingGroup","SourceTransportServers","domainsecureenabled","RequireTLS","TlsCertificateName","IgnoreStartTLS","AuthenticationCredential","ForceHELO","Fqdn","ProtocolLoggingLevelCloudServicesMailEnabled","ConnectionInactivityTimeOut","SmtpMaxMessagesPerConnection","WhenCreated","WhenChanged"],
			"ProcessPerServer":"false",
			"ProcessingCategory":"On-Premises"
		},
		{
			"Section":"TransportPipeline",
			"Cmdlet":"Get-Transportservice",
			"PropertySelection":["Identity","PipelineTracingEnabled","PipelineTracingPath","PipelineTracingSenderAddress","WhenCreated","WhenChanged"],
			"ProcessPerServer":"false",
			"ProcessingCategory":"On-Premises"
		},
		{
			"Section":"InBoundC",
			"Cmdlet":"Get-InboundConnector | select *",
			"PropertySelection":["Name","Enabled","ConnectorType","ConnectorSource","Comment","SenderIPAddresses","SenderDomains","TrustedOrganizations","AssociatedAcceptedDomainsRequireTls","RestrictDomainsToIPAddresses","RestrictDomainsToCertificate","CloudServicesMailEnabled","TreatMessagesAsInternal","TlsSenderCertificateName","EFTestMode","ScanAndDropRecipients","EFSkipLastIP","EFSkipIPs","EFSkipMailGateway","EFUsers","NameHashGuid","OrganizationalUnitRootInternal","AdminDisplayName","ExchangeVersion","Identity","WhenChanged","WhenCreated"],
			"ProcessPerServer":"false",
			"ProcessingCategory":"Online"
		},
		{
			"Section":"OutBoundC",
			"Cmdlet":"Get-OutboundConnector | select *",
			"PropertySelection":["Name","Enabled","UseMXRecord","Comment","ConnectorType","ConnectorSource","RecipientDomains","SmartHosts","TlsDomain","TlsSettings","IsTransportRuleScoped","RouteAllMessagesViaOnPremises","CloudServicesMailEnabled","AllAcceptedDomains","SenderRewritingEnabled","TestMode","LinkForModifiedConnector","ValidationRecipients","IsValidated","LastValidationTimestamp","AdminDisplayName","ExchangeVersion","Identity","WhenChanged","WhenCreated"],
			"ProcessPerServer":"false",
			"ProcessingCategory":"Online"
		}
    ]
}
