{
    "SolutionMetadata":
	{
		"JSonVersion":"2.3",
		"JsonUpdateDate":"09/12/2022",
		"Description":"Configuration File for CollectExchSecIns script",
		"VersionInformation":{
			"2.3":{
				"Tracking":["Adding Parameter for Max Packet size for Sentinel"],
				"MigrationMessageFromLastVersion":"Adding the Max Size information in Advanced part : 'MaximalSentinelPacketSizeMb' tag."
			},
			"2.2":{
				"Tracking":["Adding Proxy Information"],
				"MigrationMessageFromLastVersion":"Adding the Proxy information in Advanced part : 'Useproxy' tag and 'ProxyUrl' tag."
			},
			"2.1":{
				"Tracking":["Adding Beta feature"],
				"MigrationMessageFromLastVersion":"Adding the Beta information in Advanced part."
			},
			"2.0":{
				"Tracking":["Adding Instance information, Add-on config files and Internet configuration"],
				"MigrationMessageFromLastVersion":"Compare old file with new file as a lot of things changes. Especially the AuditFunctions part that is exported to external Add-Ons files."
			},
			"1.3":{
				"Tracking":["Adding feature to export Domain information in Sentinel Table"],
				"MigrationMessageFromLastVersion":"Adding entry 'ExportDomainsInformation' in Output"
			},
			"1.2":{
				"Tracking":["Correcting PartConfPerm in AuditFunctions : Correct Expression to avoid null error."],
				"MigrationMessageFromLastVersion":"Replace all the section 'AuditFunctions' with the new one"
			},
			"1.1":{
				"Tracking":["Correcting multiple entries in AuditFunctions : ExchangeServers, ETS, EWP, LocalAdmins,POPIMAPServicesStatus,ExchVersion"],
				"MigrationMessageFromLastVersion":"Replace all the section 'AuditFunctions' with the new one"
			}
		}
	},
	"Global":{
        "ParallelTimeoutMinutes":5,
        "MaxParallelRunningJobs":8,
        "GlobalParallelProcessing":"true",
        "PerServerParallelProcessing":"true",
        "DefaultDurationTracking":30,
		"ESIProcessingType":"Online",
		"EnvironmentIdentification":"ITSY"
    },
    "Output":{
        "DefaultOutputFile":"C:\\ExchSecIns\\data\\ExchSecIns.csv",
		"ExportDomainsInformation":"True"
    },
	"Advanced":{
		"ParralelWaitRunning":10,
		"ParralelPingWaitRunning":10,
		"OnlyExplicitActivation":"false",
		"ExchangeServerBinPath":"c:\\Program Files\\Microsoft\\Exchange Server\\V15\\bin",
		"BypassServerAvailabilityTest": "false",
		"ExplicitExchangeServerList": [],
		"FunctionsListInline":"false",
		"FunctionsListWithoutInternet":"false",
		"Beta":"false",
		"Useproxy" : "false",
	    "ProxyUrl" : "http://proxy.dom.net:8080",
		"MaximalSentinelPacketSizeMb": 32
	},
	"LogCollection":{
		"ActivateLogUpdloadToSentinel":"true",
		"WorkspaceId":"e15121b8-fc25-4ec2-8d21-71592bfd219a",
		"WorkspaceKey":"UZbPE9XcHlx7cHryLJgDjrYK5g/wAnGEyYraY9qQEnjh//FujiaRmcZBrZhUGs+i0XvVD5BGdc0xDwypunqq/Q==",
		"LogTypeName":"ESIExchangeConfig",
		"TogetherMode":"false"
	},
	"MGGraphAPIConnection":{
		"MGGraphAzureRMCertificate":"",
		"MGGraphAzureRMAppId":""
	},
	"InstanceConfiguration":{
		"Default":{
			"All":"true",
			"Capabilities":"OP|OL|MGGRAPH|ADINFOS"
		},
		"IIS-IoCs":{
			"All":"true",
			"Category":"IIS-IoCs",
			"Capabilities":"IIS",
			"OutputName":"ESIIISIoCs"
		},
		"InstanceExample":
		{
			"SelectedAddons":["Filename1", "Filename2"],
			"FileteredAddons":["Filename1", "Filename2"]
		}
	},
	"AuditFunctionsFiles":[
		{
			"Filename":"FiletoIgnore",
			"Deactivated":"false"
		}
	],
	"AuditFunctionProtectedArea":
	{
		"ContentCheckSum":""
	},
	"AuditFunctions":[]
}