{
    "UpdatedDate":  {
                        "value":  "\/Date(1666120849488)\/",
                        "DisplayHint":  2,
                        "DateTime":  "Tuesday, October 18, 2022 9:20:49 PM"
                    },
    "Files":  [
                  {
                      "FileName":  "ESICollector-ExchangeGlobalConfiguration.json",
                      "FileCheckSum":  "25084A353388DCC774AE362EF5C53999E796E1CB94235A138FB41D623A259CA6",
                      "ContentCheckSum":  "8C7746FB8488D4AE99B3B0D6CB0751526F1A98F6EF4CACFEF62A2F6E6A95E60E"
                  },
                  {
                      "FileName":  "ESICollector-RoleAndGroupConfiguration.json",
                      "FileCheckSum":  "658109CFA71B5FC70A5C668B7CEA9EAEE53ECCE3D7B71D3CB8217C3C4EA614BC",
                      "ContentCheckSum":  "CCED42E25E03E92990703BED1328A5F3371E7DBFECC76D0C0861CECD5D5EC829"
                  },
                  {
                      "FileName":  "ESICollector-TransportConfiguration.json",
                      "FileCheckSum":  "690CD9D8E7C0A81CD745D236B7AADD3CEA6E649352E317802781DD00ADF630CB",
                      "ContentCheckSum":  "ED33FD0D28D7E1A4E356045321B373A19B89DD341292D1EF2977F8B48F4ED1F2"
                  },
                  {
                      "FileName":  "ESICollector-ManagementRoles.json",
                      "FileCheckSum":  "7A03ACA654DD739917508F51FD573FBDCDD7406604AC5D0A74706AFD19EDDA02",
                      "ContentCheckSum":  "922EA915A3976B27197D13657229AF47EEC56FF5F687DF0D06A41C785E72687C"
                  },
                  {
                      "FileName":  "ESICollector-POPIMAPConfiguration.json",
                      "FileCheckSum":  "35964E58F15FA0A00871C2D8D05F3522E3D7964E26998B0F6C3560F0046422CC",
                      "ContentCheckSum":  "42834A15ABD349EF76A253600DCBF1814B19F6D3D52C21EEC364DBA70D04675E"
                  },
                  {
                      "FileName":  "ESICollector-VIPAudit.json",
                      "FileCheckSum":  "743B77320F3D19D52860ACBD7F552629477DF97E817D548C884A4A201442F1A6",
                      "ContentCheckSum":  "2CF717CBCF5372A2B095C9E20D5F46F5AD0E66C8673FB61FFD463AD0BBD35A61"
                  },
                  {
                      "FileName":  "ESICollector-DAGMailboxDatabaseConfiguration.json",
                      "FileCheckSum":  "C2FDE5B3CA0CC17D94EC7B672C8B9DBF73AE803A1B5881126759D5A8AA7874B1",
                      "ContentCheckSum":  "2B0E663B4545873F3D084A0BA86178CF0701D815B7526736F5AB6D184AE7498A"
                  }
              ]
}
